expression_sample,clinical_sample,position,match_type,hash_signature
TCGA-A8-A0A7-01,UNMATCHED,0,unmatched,0f2352eee8fc41e9a0f02f29c0c37845
TCGA-A8-A07G-01,UNMATCHED,1,unmatched,d69f801971f9cfd3dc3f58bf306709b0
TCGA-A8-A08R-01,UNMATCHED,2,unmatched,e3930f69eefecd1873ad647c5277df72
TCGA-A8-A06Y-01,UNMATCHED,3,unmatched,db2258d03b5ed3e28f6cddea0530f992
TCGA-A8-A08B-01,UNMATCHED,4,unmatched,d88cf7457f8f4ad3a8102862b8f054b0
TCGA-A2-A04T-01,UNMATCHED,5,unmatched,388295effc29eda62d2fbf7084c2884a
TCGA-A2-A0EQ-01,UNMATCHED,6,unmatched,eee0bcd35361a1cd5fa089ccefa0f775
TCGA-A2-A0CQ-01,UNMATCHED,7,unmatched,f63ec45d7d5be95789e1206fab74c18b
TCGA-BH-A0EB-01,UNMATCHED,8,unmatched,06428026a986d778966614a890c5ebeb
TCGA-A2-A04P-01,UNMATCHED,9,unmatched,f06a45cabe9cc3dee50837d0e282a6b6
TCGA-BH-A0E7-01,UNMATCHED,10,unmatched,6f6524f1d756915386a7876bc3fcc52e
TCGA-A8-A08T-01,UNMATCHED,11,unmatched,83dd995863b350e6412bfc70563351ca
TCGA-A8-A08G-01,UNMATCHED,12,unmatched,c4f3eb451f7a74388973e1c37b60c598
TCGA-A8-A09M-01,UNMATCHED,13,unmatched,1f1bc0e308d10c21fd4bbab638d6e135
TCGA-A8-A0A4-01,UNMATCHED,14,unmatched,b09443ef42ce93aaf5e2fe44edfc2d13
TCGA-BH-A0BV-01,UNMATCHED,15,unmatched,13d1ca9a36f91d3c0e460aa6070d8dd9
TCGA-AN-A04D-01,UNMATCHED,16,unmatched,9ca3faf37c1281907fecc8d1aecbea93
TCGA-A2-A0D2-01,UNMATCHED,17,unmatched,6bce4f73ab422a2e1cb8c4e127106c52
TCGA-B6-A0IC-01,UNMATCHED,18,unmatched,f0f6e543cd4cd3f3e286c8c74a89cfae
TCGA-A8-A06U-01,UNMATCHED,19,unmatched,540dbe7a84930ab0a25f53a31afd1b8f
TCGA-AN-A0FD-01,UNMATCHED,20,unmatched,b2d63c590535bea9fe31f65563fc296a
TCGA-A7-A0CE-01,UNMATCHED,21,unmatched,6e008780660b43d7b1b85bcdf7bbc1e5
TCGA-A2-A0CX-01,UNMATCHED,22,unmatched,68521c08a152b05f571bd960525e6f4c
TCGA-A2-A04Q-01,UNMATCHED,23,unmatched,7708a2bdeed494930a94c5bc012f24e2
TCGA-A2-A0CM-01,UNMATCHED,24,unmatched,3d9b9de64bef9cf638b3aa82d0375703
TCGA-A8-A081-01,UNMATCHED,25,unmatched,0642a1b72f79b8b61302fe958ec7eac0
TCGA-A8-A09A-01,UNMATCHED,26,unmatched,a4217b7eee615e58c56de590bfbd8f79
TCGA-A8-A09X-01,UNMATCHED,27,unmatched,02b2ea88d6d16d68f41ffa68f05ec577
TCGA-A8-A07W-01,UNMATCHED,28,unmatched,b459d725a3ca4b8e0356d6d6add80950
TCGA-A2-A0ER-01,UNMATCHED,29,unmatched,2337fa1c45ebfe13b2632ff3e4ad2fdc
TCGA-AN-A04A-01,UNMATCHED,30,unmatched,6f6dea906839bafd43a3d491e8bb0d82
TCGA-A8-A06T-01,UNMATCHED,31,unmatched,d2bdff0f4f0d0b45ecf07a2a4f5a16b0
TCGA-A8-A07Z-01,UNMATCHED,32,unmatched,c852d7c43bbc97bd92cc685f926f25d0
TCGA-A8-A08X-01,UNMATCHED,33,unmatched,810c23923955d1a6f03775d881ffc3e9
TCGA-A8-A0AB-01,UNMATCHED,34,unmatched,d87314137e964dd2d519c45c5a3762fa
TCGA-BH-A0DZ-01,UNMATCHED,35,unmatched,6de85936856308197b0a9da3d0cfbfa1
TCGA-AN-A0FV-01,UNMATCHED,36,unmatched,fe72e7322035e8f59e3a6b1156547d11
TCGA-B6-A0IG-01,UNMATCHED,37,unmatched,b168e58629fd6128f39c911400be3c7e
TCGA-A8-A09I-01,UNMATCHED,38,unmatched,7bd2eab8aed50cb75c10e3da82640a8e
TCGA-AN-A0FG-01,UNMATCHED,39,unmatched,16d09820db03accdd73d66e619908732
TCGA-B6-A0I6-01,UNMATCHED,40,unmatched,a792cb2ec6031c0f58cb5b6b6f1d64eb
TCGA-AN-A0FY-01,UNMATCHED,41,unmatched,c4b84f1b2edd8982487294fe66c9f2b5
TCGA-A8-A082-01,UNMATCHED,42,unmatched,d6f5b025345958143cffac11468258f2
TCGA-AO-A0J8-01,UNMATCHED,43,unmatched,930b693dea3afb25e156a190597e827f
TCGA-A8-A092-01,UNMATCHED,44,unmatched,43eedd9fa4509a5b027b84a02c804bfe
TCGA-AO-A0J7-01,UNMATCHED,45,unmatched,65963f9e95637fd26745b9f39193ac79
TCGA-A8-A09V-01,UNMATCHED,46,unmatched,f6072d42dfcb07f05ade808c43cb2837
TCGA-A8-A08S-01,UNMATCHED,47,unmatched,743cc9a6db8ccbb322e76ab8e204098f
TCGA-AO-A0J2-01,UNMATCHED,48,unmatched,1dea1c70a90c500c6db678e14cc2c1d5
TCGA-AO-A0J6-01,UNMATCHED,49,unmatched,9a03dda957fa946c205fe480867e7eb7
TCGA-BH-A0AY-01,UNMATCHED,50,unmatched,8688b687dd36a7abe2e477899ec6c960
TCGA-A8-A07S-01,UNMATCHED,51,unmatched,9689f305ecd784b3e163e8d5f2c37d48
TCGA-AN-A0FS-01,UNMATCHED,52,unmatched,24e7503b63336a9becd41d8ef0542b3f
TCGA-B6-A0I5-01,UNMATCHED,53,unmatched,ca45f2b38642fcd094beb5834307643b
TCGA-A8-A083-01,UNMATCHED,54,unmatched,5101f9eb4fd3c32685cc86802994d3cf
TCGA-AN-A049-01,UNMATCHED,55,unmatched,6e6b9d86129bb3e08c08f1cf5ba3c7d1
TCGA-AO-A0J9-01,UNMATCHED,56,unmatched,071ef26cf30754e5130f9ff4e04d2983
TCGA-B6-A0IA-01,UNMATCHED,57,unmatched,54f7eb9a52c741515e7c5283759d50de
TCGA-A7-A0DC-01,UNMATCHED,58,unmatched,eac3dd279d7498b6b5af483c6e9ff9b4
TCGA-AN-A0FL-01,UNMATCHED,59,unmatched,3fac450c140a4657152f71b382947c40
TCGA-A8-A07F-01,UNMATCHED,60,unmatched,f9e4a1160eaf5d9b72c2971c4b8e9a4e
TCGA-A7-A0CG-01,UNMATCHED,61,unmatched,a0a2975738f395e7eb095ef453ad2ca1
TCGA-BH-A0HQ-01,UNMATCHED,62,unmatched,ae2c7d5c99a75b5d3c26d69f59214137
TCGA-AO-A03O-01,UNMATCHED,63,unmatched,aadf8d822cf7fe0c2329b44c4f082aa6
TCGA-B6-A0IE-01,UNMATCHED,64,unmatched,440834933f455227559fb834be432ec8
TCGA-AN-A0FN-01,UNMATCHED,65,unmatched,07d30e1a95eaa22ea2ea642db95be022
TCGA-A8-A06X-01,UNMATCHED,66,unmatched,44e46ddcda5b3e101c562210dc612852
TCGA-A8-A09Z-01,UNMATCHED,67,unmatched,13663ddb26f90abb12c7f8aabacd3fd5
TCGA-A8-A0A9-01,UNMATCHED,68,unmatched,19fead1f86bd5af93a55e1b2ba7fc439
TCGA-A8-A09T-01,UNMATCHED,69,unmatched,5ab34a5ba0ae38cf91964e2432b5c903
TCGA-AO-A0J5-01,UNMATCHED,70,unmatched,d3983c3036eb5b12bfb23ba674dccfd8
TCGA-A8-A097-01,UNMATCHED,71,unmatched,6f842df138fa8c0c36f4cca32e69cdc6
TCGA-BH-A0B4-01,UNMATCHED,72,unmatched,7f3f262bb082940627bf0ea10626751d
TCGA-B6-A0I2-01,UNMATCHED,73,unmatched,bcad144b1a534c60c8832d14804fc5cf
TCGA-A8-A06P-01,UNMATCHED,74,unmatched,562f806df4f8ff37ab557f38902e7e2e
TCGA-A8-A08I-01,UNMATCHED,75,unmatched,db46d1647ab66c49576cbf22372a39c4
TCGA-A8-A084-01,UNMATCHED,76,unmatched,cc99c2b897c09cf9d3c8049d5236b0d2
TCGA-A8-A093-01,UNMATCHED,77,unmatched,41b7c270e857c20b19984ae42010f6db
TCGA-AN-A0FJ-01,UNMATCHED,78,unmatched,0112b676dd7a52831548a89cc9433267
TCGA-A8-A07R-01,UNMATCHED,79,unmatched,39445c1acc4d3702aa379d4b78e017c9
TCGA-A8-A085-01,UNMATCHED,80,unmatched,0788cda908e3c0e2be3feb46de707b47
TCGA-AN-A0AR-01,UNMATCHED,81,unmatched,49fbf077a415ee16e7caf419df866f4d
TCGA-A8-A08F-01,UNMATCHED,82,unmatched,8aa097cac6c312ffcb6a513d7a5d436e
TCGA-A8-A07O-01,UNMATCHED,83,unmatched,c203eaf812f0cc35e076a2245128742b
TCGA-AN-A0AK-01,UNMATCHED,84,unmatched,5fcb3307c59120b5d6823f2f7ad05cd2
TCGA-AN-A0FF-01,UNMATCHED,85,unmatched,abd2a5b55f802b5c8887a91ba1f5e4eb
TCGA-A8-A099-01,UNMATCHED,86,unmatched,bfe0181fced898832841bfa76de46c59
TCGA-AO-A03R-01,UNMATCHED,87,unmatched,34bd6e11477bc12a4236fd94bf262b30
TCGA-A2-A0D0-01,UNMATCHED,88,unmatched,4ab21e953044915d86187dc5b710ec6e
TCGA-AN-A0FE-01,UNMATCHED,89,unmatched,51a4acaeefa3a4270297eb37019ce4c4
TCGA-A8-A096-01,UNMATCHED,90,unmatched,822e8f424b3166845d6cfbd8a4e098d9
TCGA-AN-A041-01,UNMATCHED,91,unmatched,5abda0449171bc4f5d63d2fa2df1a357
TCGA-A7-A0CD-01,UNMATCHED,92,unmatched,56e179f989b4f636009292791939e96e
TCGA-A8-A095-01,UNMATCHED,93,unmatched,35bbc37285b6e5c7736229220dfd745e
TCGA-A8-A08H-01,UNMATCHED,94,unmatched,1cca5dd31d5f94b0d6cb328308befcc6
TCGA-B6-A0IJ-01,UNMATCHED,95,unmatched,c4d230496e73ad93473c8a68f25e3026
TCGA-AN-A0AS-01,UNMATCHED,96,unmatched,a0794ff9b51f41746abd9c4361ad00b0
TCGA-A2-A0EY-01,UNMATCHED,97,unmatched,39cea89ddaf1be30c2f6d940b0822955
TCGA-BH-A0HO-01,UNMATCHED,98,unmatched,df2596a743233013984954bb48f2af4b
TCGA-A8-A06Z-01,UNMATCHED,99,unmatched,1c9cedfcca40d9aa8a70e9ab8eebaf9f
TCGA-AN-A04C-01,UNMATCHED,100,unmatched,9bcab1d880a056a839fafb7ea7bcbdda
TCGA-A8-A06O-01,UNMATCHED,101,unmatched,2b1c075812add02ed2672a531a0561f6
TCGA-A8-A08Z-01,UNMATCHED,102,unmatched,52c777fd57f286e4ac13d9262d6071e3
TCGA-BH-A0BD-01,UNMATCHED,103,unmatched,4741ee99438d6952513cd3ddc43c8cb5
TCGA-A8-A07C-01,UNMATCHED,104,unmatched,9af8a492ffc6fa8f68c7adab92ac1cca
TCGA-A8-A079-01,UNMATCHED,105,unmatched,b48077e365c65916b218c447b3db941b
TCGA-A2-A04Y-01,UNMATCHED,106,unmatched,b40418fbd38f84ef2ffa70d5ea55cbee
TCGA-AO-A0J4-01,UNMATCHED,107,unmatched,14cc2add2c8ec1b8654f8db661da26cd
TCGA-AN-A03X-01,UNMATCHED,108,unmatched,d74907cc8856644dccd0c04b7ebc0907
TCGA-A8-A07J-01,UNMATCHED,109,unmatched,4b4ccd827d2bd5f7e5c7b895f467eaa3
TCGA-AO-A0J3-01,UNMATCHED,110,unmatched,6ed04b44770a4cfe85f49d4b0fb47e2b
TCGA-A8-A07U-01,UNMATCHED,111,unmatched,4269fd440bae3c2707453096ef5dc584
TCGA-AN-A0AT-01,UNMATCHED,112,unmatched,0d85a3141f3f85b36f1649e3309a9538
TCGA-B6-A0IP-01,UNMATCHED,113,unmatched,74bc3c7bad254bd90f5bfdef8c120a23
TCGA-A8-A06Q-01,UNMATCHED,114,unmatched,be28f21653b4d16c5b53d61143fafe46
TCGA-A2-A0D1-01,UNMATCHED,115,unmatched,81ce738ef7702c383b7c11f2b4f5ae2d
TCGA-AN-A0AJ-01,UNMATCHED,116,unmatched,9da46e19077254c70edf5a6c888353fc
TCGA-A8-A08J-01,UNMATCHED,117,unmatched,a4de4a00080cc891982a045cdc9ee985
TCGA-A8-A06N-01,UNMATCHED,118,unmatched,9b840b19fab55bc3382eea6c777ada7e
TCGA-A8-A0A1-01,UNMATCHED,119,unmatched,beabfa895b41950926baaade5d2584d5
TCGA-A8-A09D-01,UNMATCHED,120,unmatched,e46a47dd2b20cc7f06d09fd1b89eebbe
TCGA-A8-A086-01,UNMATCHED,121,unmatched,d3130581e817ce1ff9ea6711e0fe4058
TCGA-A8-A09G-01,UNMATCHED,122,unmatched,8f5f97e8793d926d1c28727969813d70
TCGA-AN-A0FX-01,UNMATCHED,123,unmatched,d174c96ee5edd9d9e40087aab5661dfa
TCGA-AO-A03P-01,UNMATCHED,124,unmatched,9762e3b82d1cf16dd7868bebbc050786
TCGA-A2-A0EV-01,UNMATCHED,125,unmatched,d2183f41a5c2d12aae9a23f58441b63d
TCGA-BH-A0EE-01,UNMATCHED,126,unmatched,a581ce25af4a89b9d6789b061d4bab86
TCGA-A8-A090-01,UNMATCHED,127,unmatched,363e147269d76d40d2bddb9ffce57de9
TCGA-A8-A076-01,UNMATCHED,128,unmatched,4f71182f397eb8ebe4d563e928e40667
TCGA-A2-A0EO-01,UNMATCHED,129,unmatched,326c625fd76f10ba500821feaf6952c6
TCGA-B6-A0IN-01,UNMATCHED,130,unmatched,a0460f353be317f45a91953e463cb705
TCGA-B6-A0IM-01,UNMATCHED,131,unmatched,f6f3814ddbd967c96eb654f3f2689f28
TCGA-B6-A0IB-01,UNMATCHED,132,unmatched,82bcdc6419eb59041335a08aea7ffee0
TCGA-A8-A09C-01,UNMATCHED,133,unmatched,c33ffe8fbfca6df4a213064eb0686864
TCGA-AN-A0FT-01,UNMATCHED,134,unmatched,eb697a335ec5c27bee37558e67729b14
TCGA-A8-A07E-01,UNMATCHED,135,unmatched,f2a5032c7cc66447834e1f90244630e2
TCGA-A8-A07P-01,UNMATCHED,136,unmatched,7304e2444080b839d6a9edf480a2c9de
TCGA-A8-A08A-01,UNMATCHED,137,unmatched,d304452826dc3a086ea5134cdf7c4b7d
TCGA-A2-A04V-01,UNMATCHED,138,unmatched,dbcb6c7d80c2f967bcfb20efb457a3dd
TCGA-AN-A03Y-01,UNMATCHED,139,unmatched,5954f897d4e7e7cbaa7bc6b2487cb984
TCGA-B6-A0IQ-01,UNMATCHED,140,unmatched,33f151b88b3a5d6f4aaf8c1448dc5b44
TCGA-A2-A04X-01,UNMATCHED,141,unmatched,dda2e0a0c63df3e2946d396c51a8b814
TCGA-A8-A09R-01,UNMATCHED,142,unmatched,81338ce037a9915d456d72e268c1f360
TCGA-B6-A0I8-01,UNMATCHED,143,unmatched,b08a433ac600889305dc3480253eb986
TCGA-A2-A0CZ-01,UNMATCHED,144,unmatched,fbcbac921f8ff4ccff40734c02baf4f5
TCGA-A8-A09N-01,UNMATCHED,145,unmatched,9398b9a94765e03c259979f2049fdc06
TCGA-A8-A08P-01,UNMATCHED,146,unmatched,7343e0fc45b7e84e812148a4dc61a13e
TCGA-A8-A08L-01,UNMATCHED,147,unmatched,2ec7a0fb55cf97d38166b08ebd963b05
TCGA-B6-A0I9-01,UNMATCHED,148,unmatched,d2c180d050d82d9e0b8e90dc8093fbce
TCGA-A8-A091-01,UNMATCHED,149,unmatched,f85709450dc51c074c9ebeef02340c43
TCGA-A7-A0CH-01,UNMATCHED,150,unmatched,6d74ab4434d4a671754098c6deb6d29e
TCGA-AN-A0FZ-01,UNMATCHED,151,unmatched,30433a2fa7acc02380e87c416f2eb5d3
TCGA-AN-A0FK-01,UNMATCHED,152,unmatched,03af72ffd50bf512c356d6581a71dbf1
TCGA-A8-A094-01,UNMATCHED,153,unmatched,d93a496ed18dcd89b02c873c161e3130
TCGA-A8-A07B-01,UNMATCHED,154,unmatched,07c11fcfc7888fe40bbb175fa2ad330c
TCGA-A2-A0CU-01,UNMATCHED,155,unmatched,c44a439c58b2fa5d3107785b08e3042c
TCGA-A8-A07L-01,UNMATCHED,156,unmatched,6605bb8530e71ddd82394042fb75069a
TCGA-A2-A0CY-01,UNMATCHED,157,unmatched,0ed6a6e52106d4c4b7a6dc1142793079
TCGA-AQ-A04J-01,UNMATCHED,158,unmatched,6612dc9357623ccf20ba140c1c9a2c87
TCGA-A8-A0A2-01,UNMATCHED,159,unmatched,7be1acc3d8c367ecbe05c4d64e959139
TCGA-AN-A0AM-01,UNMATCHED,160,unmatched,1304710a141a8ae3a4a3d3dfac640aa1
TCGA-A8-A09Q-01,UNMATCHED,161,unmatched,5706018fa2271c814f7e797cc8004131
TCGA-A2-A0CP-01,UNMATCHED,162,unmatched,9f4074093dbf2685ed68e07c67eaf2bc
TCGA-A8-A09E-01,UNMATCHED,163,unmatched,a9b2018cc08f7b124a9ab70ce77f43ea
TCGA-A7-A0CJ-01,UNMATCHED,164,unmatched,a330da1ed202acb2e75c22136b889714
TCGA-BH-A0E6-01,UNMATCHED,165,unmatched,9b0cd31479888b6d36fe1f971b383ac5
TCGA-A8-A09K-01,UNMATCHED,166,unmatched,5e494bf002eb6d0bedc76ca5b00e3d16
TCGA-A8-A08C-01,UNMATCHED,167,unmatched,7ad5212d8d1cf0a3ec372923405d3721
TCGA-A7-A0DB-01,UNMATCHED,168,unmatched,f28a73d181c5ae4be50a63af03a48e92
TCGA-A8-A07I-01,UNMATCHED,169,unmatched,357356e89b714196b2c0fb4b0153bd0c
TCGA-AN-A0G0-01,UNMATCHED,170,unmatched,cf690699b6a895565b68fbaada8fa755
TCGA-AN-A0FW-01,UNMATCHED,171,unmatched,7b733a922efbfaffb5a55040863454dd
TCGA-A2-A0ET-01,UNMATCHED,172,unmatched,fccd98668433ce208052660f24bcf0d9
TCGA-AO-A03T-01,UNMATCHED,173,unmatched,291cd57f4c8df65b66cbc30c03d0ea03
TCGA-B6-A0IO-01,UNMATCHED,174,unmatched,4578e8d9f9eaf71e16bfb531c58541f3
TCGA-BH-A0HW-01,UNMATCHED,175,unmatched,66bbca13f5badb205683887c878ccd73
TCGA-A8-A06R-01,UNMATCHED,176,unmatched,8e0a3fcd3de5a260e7c754040371b7d5
TCGA-AN-A046-01,UNMATCHED,177,unmatched,32201cc4cb33dda8020b99ee3dab5a44
TCGA-A2-A0EX-01,UNMATCHED,178,unmatched,ad2beddc64936c82449e6e3779f69101
TCGA-A2-A0EM-01,UNMATCHED,179,unmatched,64852a2b87b2890d8334aadbe95b031c
TCGA-A8-A09B-01,UNMATCHED,180,unmatched,0835b1a84570ca3f41e491aca727bef1
TCGA-A2-A0D4-01,UNMATCHED,181,unmatched,faad83e18d1d57102c9f77053088d873
TCGA-BH-A0HU-01,UNMATCHED,182,unmatched,eeb3bb8156f3b9871fc4f41dc1ff846c
TCGA-A8-A09W-01,UNMATCHED,183,unmatched,a5a843cb0d87642dea2b14cda2315bfe
TCGA-BH-A18L-11,UNMATCHED,184,unmatched,a470f77297f7c39371e622d4edb42e06
TCGA-BH-A0DD-11,UNMATCHED,185,unmatched,bf16f724bf1dab25baed711ea5fe1304
TCGA-BH-A1EU-11,UNMATCHED,186,unmatched,696b4b54fc35ae58b30edf920e5dd317
TCGA-AR-A1AR-01,UNMATCHED,187,unmatched,f823124c9b15e80101ce0c797f80f9db
TCGA-AR-A1AS-01,UNMATCHED,188,unmatched,2817bb29eb9a399d952b828886d888fa
TCGA-BH-A0B5-11,UNMATCHED,189,unmatched,fce88d5b5247713edba394dba8b14723
TCGA-BH-A18J-01,UNMATCHED,190,unmatched,3962b743a500a2a99f1d16a8543cd512
TCGA-E2-A15K-06,UNMATCHED,191,unmatched,6844f3e17784f535e962c8a993232ce4
TCGA-E2-A14W-01,UNMATCHED,192,unmatched,70688a597534116d8e1f4fd76d638b41
TCGA-BH-A18R-11,UNMATCHED,193,unmatched,60241c0e09635609f1c9b503bfda45d7
TCGA-E2-A1B1-01,UNMATCHED,194,unmatched,1c2e9ebeaf1384f46b0bddcc993b93d0
TCGA-AR-A1AH-01,UNMATCHED,195,unmatched,42c3161cfa1ed8e52e8d5129cbd951e9
TCGA-E2-A14S-01,UNMATCHED,196,unmatched,99fc9cee45a3d7a50a6a3e1478273ea9
TCGA-BH-A1ES-01,UNMATCHED,197,unmatched,dfac3ba0fea9403a38250a60f2759924
TCGA-BH-A0BF-01,UNMATCHED,198,unmatched,7d78bbed19a4d8220866700e28427452
TCGA-BH-A0HA-11,UNMATCHED,199,unmatched,31e3719c0029d13d3104610d45981322
TCGA-BH-A18M-11,UNMATCHED,200,unmatched,f226465e203e37df2be5d233878d1a04
TCGA-E2-A1AZ-01,UNMATCHED,201,unmatched,24f4b27297019e8b9e3d2ca2e53a2046
TCGA-BH-A18H-01,UNMATCHED,202,unmatched,ec8e24d046e0761da255090175b94330
TCGA-AR-A1AX-01,UNMATCHED,203,unmatched,fa78ff09c6025afbfafa6e6353d587ab
TCGA-BH-A18N-11,UNMATCHED,204,unmatched,4f107b6326671a18aa4ca9fff9db4148
TCGA-E2-A150-01,UNMATCHED,205,unmatched,debbaa1c3fb56b6cf42b524bd476ef6f
TCGA-BH-A18S-01,UNMATCHED,206,unmatched,93c766d25efd9127a75b5c3c2eb1b0b1
TCGA-BH-A1EV-01,UNMATCHED,207,unmatched,fc4ae2e99852c41a79f2085f9abddaac
TCGA-AR-A1AN-01,UNMATCHED,208,unmatched,ba179c51c1b62e382c0eb356217f6368
TCGA-E2-A15L-01,UNMATCHED,209,unmatched,23ff871fa44f1ba1e386e8dfe52426e5
TCGA-E2-A153-01,UNMATCHED,210,unmatched,a7df69df3bcc710b258557ecb773b3be
TCGA-E2-A15M-01,UNMATCHED,211,unmatched,60e8df73f9859d8b1fa904b910bdd46f
TCGA-BH-A1F0-01,UNMATCHED,212,unmatched,8b0629f8c3c838cb1e6466b790c56aa8
TCGA-AR-A1AI-01,UNMATCHED,213,unmatched,c19b5170902650e0594875cd1569e2d3
TCGA-E2-A1B4-01,UNMATCHED,214,unmatched,18962f5f7362063bb2c9282782089b36
TCGA-E2-A14Q-01,UNMATCHED,215,unmatched,618487ce85724737c400e59c341eb5bd
TCGA-BH-A0DT-01,UNMATCHED,216,unmatched,70612c3c0433871cab090665af8ca6a0
TCGA-E2-A14N-01,UNMATCHED,217,unmatched,dd19a40dced206b7203d5083d8fb3dee
TCGA-C8-A1HF-01,UNMATCHED,218,unmatched,c77c25ab853805268e3110335361be4a
TCGA-E2-A15E-06,UNMATCHED,219,unmatched,63996125c6f0c14cd7615f58ccdf0fba
TCGA-E2-A1B0-01,UNMATCHED,220,unmatched,274cfa63ee49659fbf007a8e4f914524
TCGA-AR-A1AQ-01,UNMATCHED,221,unmatched,6e49eae0aa015feb1b0a3c7c2d2bbf47
TCGA-BH-A18U-01,UNMATCHED,222,unmatched,0d28a7a59d2b67668e3fe207b13b8b07
TCGA-BH-A0DI-01,UNMATCHED,223,unmatched,d26157e7644e072733620135b06ab17e
TCGA-BH-A0BS-01,UNMATCHED,224,unmatched,c9bbb278fb0f5794808aed728eab0206
TCGA-BH-A0BZ-11,UNMATCHED,225,unmatched,7777819ec1e8704635aeb2e4657bfc7a
TCGA-AR-A1AU-01,UNMATCHED,226,unmatched,60ead90e797f959d06f926188379a38a
TCGA-BH-A0AU-01,UNMATCHED,227,unmatched,780ffb600d56f1b55210399129e95597
TCGA-E2-A15I-11,UNMATCHED,228,unmatched,8f8b98641e9c6b933307a81e0443904f
TCGA-E2-A15H-01,UNMATCHED,229,unmatched,10e703f9b2868bafb0c8449a30939a0e
TCGA-E2-A1B5-01,UNMATCHED,230,unmatched,f95069fcd29aa192e409a9cfd974f2c1
TCGA-BH-A1ET-11,UNMATCHED,231,unmatched,0fd55654ccdca356af91f598cbfd2e26
TCGA-BH-A0C3-11,UNMATCHED,232,unmatched,93389b54d364ff7dd606ca84044e9046
TCGA-E2-A14V-01,UNMATCHED,233,unmatched,1b98c861c4dc119a68b633c922ed142b
TCGA-E2-A1BC-01,UNMATCHED,234,unmatched,29a1dfc53c94c85483ff2d7ff2669d40
TCGA-C8-A1HG-01,UNMATCHED,235,unmatched,b186465401e5890e7023597271942a39
TCGA-E2-A15G-01,UNMATCHED,236,unmatched,c0805b978cae4fb68382a49000787517
TCGA-C8-A12Y-01,UNMATCHED,237,unmatched,04376c5dfdc5151837309d3bad3a5147
TCGA-E2-A1BD-01,UNMATCHED,238,unmatched,3de862da7530400d5035fea510272267
TCGA-E2-A15J-01,UNMATCHED,239,unmatched,c62cdc1d291ff8de8f38677ac7ffb0bd
TCGA-E2-A158-01,UNMATCHED,240,unmatched,d6b1665af173b4828e37258ce0602278
TCGA-E2-A14P-01,UNMATCHED,241,unmatched,ea66c1b5e6b55ca27150297106a1f1a6
TCGA-BH-A0DO-01,UNMATCHED,242,unmatched,1b37f15a47b092df045c053048dc0c63
TCGA-BH-A18I-01,UNMATCHED,243,unmatched,7b361b999381444acdcaa9bac9699d10
TCGA-E2-A1B6-01,UNMATCHED,244,unmatched,e465680bb6f751a0d11ec2f530ee34eb
TCGA-AR-A1AK-01,UNMATCHED,245,unmatched,0b70bae31c350a8469e1454b598550cc
TCGA-E2-A152-01,UNMATCHED,246,unmatched,a0e2a240c7082edf83bde825d836c3b8
TCGA-BH-A18F-01,UNMATCHED,247,unmatched,7460a232e4eb829a79a788d447e53ba7
TCGA-A7-A13F-11,UNMATCHED,248,unmatched,26934860e09f89aa68e3113d7c1fd8ba
TCGA-BH-A0C1-01,UNMATCHED,249,unmatched,5b76ed94567af1a85e4c7ecb7735e37c
TCGA-E2-A155-01,UNMATCHED,250,unmatched,c6fba9fd28548becbed573feb9ceb2c0
TCGA-E2-A14Y-01,UNMATCHED,251,unmatched,9adca6be5b75d1899a13ed4612fd4a5c
TCGA-A7-A13E-01,UNMATCHED,252,unmatched,c3004630a5ebb0768f40a1e85227809f
TCGA-BH-A1EW-01,UNMATCHED,253,unmatched,8cbc8dcb63ba634fd2a72bd1152ed601
TCGA-E2-A15A-06,UNMATCHED,254,unmatched,40244237343d5c202d9bba97aff27819
TCGA-BH-A18K-11,UNMATCHED,255,unmatched,174e35e585534e7d2bb583ffb822c0ac
TCGA-AR-A1AW-01,UNMATCHED,256,unmatched,4ae8e9e0dc2a84cfd3ec279a5aeb7d24
TCGA-A7-A13D-01,UNMATCHED,257,unmatched,da52f21998d5b1c3c3bd0520d2b53b5c
TCGA-AR-A1AV-01,UNMATCHED,258,unmatched,c0d6a075d3176337d59e427f146a9ca8
TCGA-C8-A133-01,UNMATCHED,259,unmatched,0b1390b3c51abbf435f943ba9cf17671
TCGA-BH-A18T-01,UNMATCHED,260,unmatched,bf1a9fab86d67931b0db3ff36aa52607
TCGA-BH-A0BT-01,UNMATCHED,261,unmatched,abc206438d723d0dd4a2d3b3ce8fb18e
TCGA-C8-A1HI-01,UNMATCHED,262,unmatched,a6ac21094e6d3d7e836cb9a7ae26b43f
TCGA-AR-A1AJ-01,UNMATCHED,263,unmatched,103d833ea2e71dc587bce88420490975
TCGA-AR-A1AY-01,UNMATCHED,264,unmatched,fab1bca570c2e2edcc2feb47e523d2b4
TCGA-BH-A18Q-01,UNMATCHED,265,unmatched,7768782582309dd04b6e94362ec03434
TCGA-BH-A0H3-01,UNMATCHED,266,unmatched,f5abbccd970394bb70fdfa8f63eb069e
TCGA-AR-A1AO-01,UNMATCHED,267,unmatched,4862263ad858a7049843df6f3aab33fb
TCGA-BH-A0BO-01,UNMATCHED,268,unmatched,ba0774dec275f5c917c43877530a6347
TCGA-BH-A1EO-11,UNMATCHED,269,unmatched,b6fe73fb5981572a9c5bb04685fa2c29
TCGA-BH-A0AZ-01,UNMATCHED,270,unmatched,dd78edd83df2d9746f32a3b55ba6db3d
TCGA-BH-A0DV-11,UNMATCHED,271,unmatched,a350b54957ce06ec12824c63e1f7b208
TCGA-E2-A156-01,UNMATCHED,272,unmatched,98574bbfef42aefd85f7cb5a2d4e72e9
TCGA-AR-A1AT-01,UNMATCHED,273,unmatched,f69792fab6af65fc054faefc2ab94625
TCGA-BH-A18P-11,UNMATCHED,274,unmatched,91cc0e58c5b15e3579e0ec67a2ca6412
TCGA-BH-A18V-11,UNMATCHED,275,unmatched,968477dc41d244eab0f29b87913024d9
TCGA-BH-A18G-01,UNMATCHED,276,unmatched,b7a74caa44f6e7c3817883d4081b2628
TCGA-AR-A1AP-01,UNMATCHED,277,unmatched,688d584aee1ff38e9d72634cf1c23f26
TCGA-AR-A1AL-01,UNMATCHED,278,unmatched,76b332e5aa5cb2126fd43fb6b03b282a
TCGA-BH-A0DG-01,UNMATCHED,279,unmatched,1ffda6864bd380f1ff51ef0d76525506
TCGA-C8-A1HM-01,UNMATCHED,280,unmatched,15fa71e022e9d00d1ac42e0885924eb1
TCGA-C8-A1HN-01,UNMATCHED,281,unmatched,7068e3da446c4b80a3ffcb534c066a47
TCGA-E2-A15C-01,UNMATCHED,282,unmatched,12a4629d47515f446889765a17909b65
TCGA-C8-A1HL-01,UNMATCHED,283,unmatched,b54857defd0b9cb63e10532034f36f70
TCGA-A2-A04W-01,UNMATCHED,284,unmatched,73b537c08addcd7e2b2974f1756b8516
TCGA-AO-A12F-01,UNMATCHED,285,unmatched,f6763946072ff9c96d2c4c931bddba4b
TCGA-BH-A0DL-11,UNMATCHED,286,unmatched,0395898cb64bfbe9f403f4b01d14f91a
TCGA-A1-A0SD-01,UNMATCHED,287,unmatched,7d4ba50145d3b94821fec34da71f4eb1
TCGA-C8-A12W-01,UNMATCHED,288,unmatched,ee36687aaf92731fc24ecbe9b720125c
TCGA-D8-A142-01,UNMATCHED,289,unmatched,ec11446a3adcd09e5175cfa1e08429c5
TCGA-C8-A12X-01,UNMATCHED,290,unmatched,7256bc58cb668d5a1fe7e89d69a0887c
TCGA-A2-A0CS-01,UNMATCHED,291,unmatched,60c4b1949018144367c27038a215109e
TCGA-BH-A0E9-01,UNMATCHED,292,unmatched,222f00be224028e1b919109fb84a8687
TCGA-B6-A0WS-01,UNMATCHED,293,unmatched,2d05fef725e0c709369eee8f8a41d3c2
TCGA-A7-A0DA-01,UNMATCHED,294,unmatched,55ec2bbe8b498922c2ffbfa8a977c0e1
TCGA-E2-A14O-01,UNMATCHED,295,unmatched,74e695a1c0d83db029b0caee8097a00e
TCGA-E2-A14X-01,UNMATCHED,296,unmatched,74b807ef18f63afe9c110ad8f58df1e6
TCGA-D8-A13Y-01,UNMATCHED,297,unmatched,4414bf3302a4e9fc42d991f78fc50bcd
TCGA-C8-A138-01,UNMATCHED,298,unmatched,01d0ec517781ef6dbee4c30489bb5a6d
TCGA-E2-A15D-01,UNMATCHED,299,unmatched,da67b8409e34cf0b8c19c0cc5b51e570
TCGA-A2-A0ES-01,UNMATCHED,300,unmatched,bc417406930800e196ca01e29b5983cd
TCGA-BH-A0BP-01,UNMATCHED,301,unmatched,f69c5cc9f1032f712e3bc7c322606905
TCGA-AR-A0TS-01,UNMATCHED,302,unmatched,728af7617fc63e0b44168963ff036c48
TCGA-A2-A0EW-01,UNMATCHED,303,unmatched,ef9bdbee3283877f9cc5d46e502e9846
TCGA-D8-A143-01,UNMATCHED,304,unmatched,099a29bb916872d38504b93743e99300
TCGA-D8-A145-01,UNMATCHED,305,unmatched,0564641a37caa6153d6f5b04cb520c28
TCGA-A2-A0D3-01,UNMATCHED,306,unmatched,9389e14f60a660cb6e4da75b27cc9e35
TCGA-A2-A0T3-01,UNMATCHED,307,unmatched,26fbfecb7495d8b9223dcb13bd949784
TCGA-BH-A0AV-01,UNMATCHED,308,unmatched,ca76476bc2ca181d7b1a9fb823a18daa
TCGA-BH-A0BW-11,UNMATCHED,309,unmatched,a4d099fa5be8c723c3301110aff59c53
TCGA-BH-A0B0-01,UNMATCHED,310,unmatched,a61fa481df7ffc335943f6abe5b402a6
TCGA-E2-A154-01,UNMATCHED,311,unmatched,46f668be0a7b8298c4ae60210550bdbd
TCGA-E2-A159-01,UNMATCHED,312,unmatched,190dfb80ebf2785b685cc2cd9a5ace1a
TCGA-E2-A15F-01,UNMATCHED,313,unmatched,763a2717a63d38decefd95b04d1a0c2f
TCGA-D8-A140-01,UNMATCHED,314,unmatched,806ea94b95ee295f8464d700d5061b03
TCGA-A2-A0CV-01,UNMATCHED,315,unmatched,da2a9c7b87798673f38cd0ce19c79382
TCGA-AO-A12A-01,UNMATCHED,316,unmatched,cf0ea43f48af0969aa2d14117e84b236
TCGA-D8-A146-01,UNMATCHED,317,unmatched,6f90b09431351551b72221e1b47fddbc
TCGA-A2-A0CW-01,UNMATCHED,318,unmatched,69539b2cb7f877473d76bbb97e3603f5
TCGA-A2-A04N-01,UNMATCHED,319,unmatched,77ee7a52119e28eb27c8a7a49c318b1c
TCGA-E2-A15S-01,UNMATCHED,320,unmatched,ff7c51c9bbd3c1a7a8702c5acece11fd
TCGA-D8-A147-01,UNMATCHED,321,unmatched,b11b32530f6035a5782a1fa82f13000f
TCGA-E2-A10A-01,UNMATCHED,322,unmatched,b8e822f9567845a22072765639603997
TCGA-BH-A0EI-01,UNMATCHED,323,unmatched,534fa992198b9dc70fc74f0e0bcb9666
TCGA-BH-A0DE-01,UNMATCHED,324,unmatched,f89697cab0f185e70994c786170fe040
TCGA-C8-A137-01,UNMATCHED,325,unmatched,1b7aa84a7ecb975e425fa4133b6397c6
TCGA-B6-A0RH-01,UNMATCHED,326,unmatched,add60cb82a2ac145be5aaad735dfdd22
TCGA-BH-A0BG-01,UNMATCHED,327,unmatched,763e46aab1eac80c367be9be52e97f49
TCGA-C8-A12O-01,UNMATCHED,328,unmatched,bb857aa859aff60b97bced2f7741519f
TCGA-BH-A0H5-11,UNMATCHED,329,unmatched,3a253daee31821124387934a607c4d51
TCGA-BH-A0DX-01,UNMATCHED,330,unmatched,7040470342c54be8d438ec2b6fb19b25
TCGA-B6-A0RQ-01,UNMATCHED,331,unmatched,fd782b1051a6183ee8cc9cb68d559e10
TCGA-E2-A15P-01,UNMATCHED,332,unmatched,7f9f2ab95e4c2d2a821dc8a738efe2fe
TCGA-AO-A03V-01,UNMATCHED,333,unmatched,0fbbebbbab425b32f2cef1c96a9d35fb
TCGA-BH-A0EA-01,UNMATCHED,334,unmatched,39bf46ee519008c6e74e775b190baa9a
TCGA-C8-A130-01,UNMATCHED,335,unmatched,d97e8e581035203f4aa6b9a46308d917
TCGA-E2-A15T-01,UNMATCHED,336,unmatched,9738b8c3f94d0fd2ba581a829fe6b3db
TCGA-E2-A15O-01,UNMATCHED,337,unmatched,84bc3cc5ec27a173af17f8efff2a3ab0
TCGA-BH-A0B7-01,UNMATCHED,338,unmatched,1836125447e9db5a9b165ff7b21fda32
TCGA-AO-A12D-01,UNMATCHED,339,unmatched,bc1fd050704c19f5dc77bcbbf67707a7
TCGA-A2-A0CL-01,UNMATCHED,340,unmatched,515c199475c219eec80b3edadc42d148
TCGA-BH-A0C7-01,UNMATCHED,341,unmatched,a290ea995228eeaaf9834e1fa859e24c
TCGA-C8-A12U-01,UNMATCHED,342,unmatched,8de9303b1a72ed4b2f713e1e9962ba6f
TCGA-A2-A04U-01,UNMATCHED,343,unmatched,8907a32664150463b5c4b5103be7614f
TCGA-C8-A12V-01,UNMATCHED,344,unmatched,dfee397cd85b2f257ebb36322e6ed312
TCGA-BH-A0BQ-11,UNMATCHED,345,unmatched,e61bba4f22d1e2fa153909495f48e780
TCGA-C8-A12L-01,UNMATCHED,346,unmatched,a822e7b1e4ec7261e941c68dd33ca409
TCGA-C8-A134-01,UNMATCHED,347,unmatched,dd81afd68383aa20f0ecae0c8c1ee6a0
TCGA-BH-A0W7-01,UNMATCHED,348,unmatched,7869de075325dfdd69d5aec717815d5e
TCGA-D8-A13Z-01,UNMATCHED,349,unmatched,667b2790ebe701431003770e4f60f660
TCGA-C8-A12N-01,UNMATCHED,350,unmatched,54c549a54c0653df6a34b1f917e4f5d7
TCGA-C8-A12P-01,UNMATCHED,351,unmatched,de6451bb2038be1ba2d9ab6032d7e5e1
TCGA-BH-A0BR-01,UNMATCHED,352,unmatched,bc7214cb5b38eccb87dc9022c7ae0d3d
TCGA-E2-A14Z-01,UNMATCHED,353,unmatched,0f30a5076d988599cc436a4ac5818898
TCGA-E2-A15R-01,UNMATCHED,354,unmatched,6377421d3c5012ca50806b8e432f9b4a
TCGA-AR-A0TY-01,UNMATCHED,355,unmatched,e064889da5657e5266162f30f3b2a8d6
TCGA-C8-A132-01,UNMATCHED,356,unmatched,a94df8440ea474fcc07a505369ba6f2e
TCGA-BH-A0BL-01,UNMATCHED,357,unmatched,c917737d9659f0e81b8ea6e027815c95
TCGA-C8-A12Q-01,UNMATCHED,358,unmatched,5bb3f3ba4bbff08cda3eba2d91ae5c4f
TCGA-B6-A0X0-01,UNMATCHED,359,unmatched,f678f0d11eb13dd618fa174d4002ac1e
TCGA-C8-A12T-01,UNMATCHED,360,unmatched,d79cf6292e031b871f60af42da76ea51
TCGA-C8-A12K-01,UNMATCHED,361,unmatched,fe3219773808841004e223dc7e363792
TCGA-C8-A131-01,UNMATCHED,362,unmatched,1465efc80d1516406985145c495841d5
TCGA-C8-A12M-01,UNMATCHED,363,unmatched,982866cf5af3bfd32186ab4d99e0671f
TCGA-E2-A14T-01,UNMATCHED,364,unmatched,75f29c06b2085f537410e070aec94783
TCGA-C8-A135-01,UNMATCHED,365,unmatched,de8652315f0892d17a388ef94478e1fe
TCGA-B6-A0IH-01,UNMATCHED,366,unmatched,62516a0e5c1e532ef1250e5f5a0efadc
TCGA-AR-A0U1-01,UNMATCHED,367,unmatched,cf3a149ae4bf6c17a157349d6cda6ebb
TCGA-D8-A141-01,UNMATCHED,368,unmatched,95c8ce63c9914b580cf07da9a42fea7a
TCGA-C8-A12Z-01,UNMATCHED,369,unmatched,df732020e2e0f62cb768f1d8c01fb5e4
TCGA-E2-A14R-01,UNMATCHED,370,unmatched,2c3d794dc1e2305b9be713077cca2514
TCGA-AO-A12H-01,UNMATCHED,371,unmatched,b6582bced0a2b4b5573fd93f65519413
TCGA-AN-A0AL-01,UNMATCHED,372,unmatched,6b0c91d1c14f10b2f8a8250ae252196d
TCGA-A8-A0A6-01,UNMATCHED,373,unmatched,78d54b8868f82177d512a7a0b8984a48
TCGA-BH-A0DS-01,UNMATCHED,374,unmatched,369c30bf2e358dbd1e181699f3e0779c
TCGA-AO-A0JM-01,UNMATCHED,375,unmatched,6a22895c29f50f751e96140ac8a16a3d
TCGA-BH-A0GZ-01,UNMATCHED,376,unmatched,e61b357138940c4720461a7a5cece3b0
TCGA-AO-A0JL-01,UNMATCHED,377,unmatched,bdc6c3372d43d6663e96ae71456fb7b5
TCGA-BH-A0H0-01,UNMATCHED,378,unmatched,88f04018af0e0ecefc20baccb58e50ec
TCGA-B6-A0IK-01,UNMATCHED,379,unmatched,d1968f67b54a6be8dd9947eb8c6f4579
TCGA-B6-A0RE-01,UNMATCHED,380,unmatched,2ae3ef75d6ff08224af9ac6e8e89ef49
TCGA-A2-A0CT-01,UNMATCHED,381,unmatched,f806f620729ad50a740018594097d957
TCGA-B6-A0RI-01,UNMATCHED,382,unmatched,4ce44f1527c9df928a142a5dc8871a78
TCGA-BH-A0DP-01,UNMATCHED,383,unmatched,e2510aacdfb997dbe3ae5f10afa34016
TCGA-AO-A0JD-01,UNMATCHED,384,unmatched,49bae16c8ef7fbb8e3ee24e2c53d80b1
TCGA-BH-A0E0-01,UNMATCHED,385,unmatched,d385c20a677788512d0d9ccc30ae6447
TCGA-AO-A0JC-01,UNMATCHED,386,unmatched,38869c31e894c95449be4b826f2f0173
TCGA-BH-A0HF-01,UNMATCHED,387,unmatched,b1bc84ce94f975e2b10843bb98a3db6d
TCGA-AO-A0JA-01,UNMATCHED,388,unmatched,f4761541d1422ef767e29364bd485b28
TCGA-BH-A0E2-01,UNMATCHED,389,unmatched,063c2be39d36bd5621fd99a4da626adc
TCGA-BH-A0B9-01,UNMATCHED,390,unmatched,df69192bde5f9c787d9576d1aff15c01
TCGA-AO-A0JB-01,UNMATCHED,391,unmatched,cd24b19f3d16fab0d62a1e780b807bfb
TCGA-BH-A0HY-01,UNMATCHED,392,unmatched,895f94a3b44f808adacf27fb34588b75
TCGA-BH-A0HX-01,UNMATCHED,393,unmatched,853ec9697e75b7009fbed6388954394a
TCGA-BH-A0B1-01,UNMATCHED,394,unmatched,84c76395cc076dc906029e009580dd53
TCGA-AO-A03L-01,UNMATCHED,395,unmatched,90ceb20f753a37f28c62b6a02b8fad84
TCGA-BH-A0E1-01,UNMATCHED,396,unmatched,3fe1d4710116de6b9acf979a566b79df
TCGA-BH-A0B8-01,UNMATCHED,397,unmatched,ec2bdb160dc6e436d480bc1e96801717
TCGA-AO-A0JJ-01,UNMATCHED,398,unmatched,9d1a751f5a7bd5eb6f938696d712139a
TCGA-BH-A0AW-01,UNMATCHED,399,unmatched,2421efcd46b3ba1b8b0e470966f4d675
TCGA-BH-A0H6-01,UNMATCHED,400,unmatched,388e7f5f96e50cc357f231c8a20c8ad3
TCGA-AO-A0JF-01,UNMATCHED,401,unmatched,599a9241590907f283571df201283b25
TCGA-A7-A0D9-01,UNMATCHED,402,unmatched,3c6f4750168070a37172094b7e6349b9
TCGA-BH-A0HB-01,UNMATCHED,403,unmatched,bceca7cd5afcc0efbb0caddae9ee4ced
TCGA-AO-A0JI-01,UNMATCHED,404,unmatched,bb3892153fa2e4972c4228d705618c12
TCGA-AO-A0JE-01,UNMATCHED,405,unmatched,89406782cb2a2c8f10a7a6299cadb55f
TCGA-B6-A0RG-01,UNMATCHED,406,unmatched,93e5f59541e29d4d02fe979c5ce5163d
TCGA-A8-A0AD-01,UNMATCHED,407,unmatched,79b637c2da8ab15b3ec1197bdfb148a5
TCGA-BH-A0BM-01,UNMATCHED,408,unmatched,68b0853d8eb07bd9d94af11503429edc
TCGA-BH-A0GY-01,UNMATCHED,409,unmatched,2a32c8080b17ab7a34b229a8cecec3b6
TCGA-BH-A0H7-01,UNMATCHED,410,unmatched,c62c539181a79b2a00e641fdcd40b3ae
TCGA-BH-A0BJ-01,UNMATCHED,411,unmatched,14f33ab562a65de007426a9b3086b86e
TCGA-A2-A0EU-01,UNMATCHED,412,unmatched,1e74591cefd510c34c4984c6c7d946ff
TCGA-A8-A08O-01,UNMATCHED,413,unmatched,02076b74227e1a1d42aab8e89fb82e82
TCGA-BH-A0BA-01,UNMATCHED,414,unmatched,46e795e145b2cc5341d31bb3a0332f5d
TCGA-BH-A0DK-01,UNMATCHED,415,unmatched,14dc6231255d77e4ae4a4b7e3c351be2
TCGA-BH-A0H9-01,UNMATCHED,416,unmatched,8acafca7cafa43713f4acdb1fc5c34bb
TCGA-BH-A0HK-01,UNMATCHED,417,unmatched,dacf9bc21b39d205d69649f5bb178bba
TCGA-BH-A0C0-01,UNMATCHED,418,unmatched,11610074f0fded569811db6bf9bce83e
TCGA-BH-A0B3-01,UNMATCHED,419,unmatched,0398170f7193cc0ce06826787c6c17bc
TCGA-AR-A0TX-01,UNMATCHED,420,unmatched,f7fea830909a945d760c93e9aabb6747
TCGA-BH-A0BC-11,UNMATCHED,421,unmatched,9ca0b9c98b50fcb333acd467f0004314
TCGA-AR-A0TW-01,UNMATCHED,422,unmatched,086c6a697bf41288d2a1e2ee4acaddee
TCGA-A1-A0SP-01,UNMATCHED,423,unmatched,706c0ebeb5c6f8348b3b6628743ae3bc
TCGA-AR-A0TP-01,UNMATCHED,424,unmatched,edfd795e24d53b00046c4e1eebcec7e2
TCGA-B6-A0RP-01,UNMATCHED,425,unmatched,289549300520940418a424c341efb4c7
TCGA-B6-A0RM-01,UNMATCHED,426,unmatched,cbd5336fa985742b309ff1df2deb00db
TCGA-AR-A0TV-01,UNMATCHED,427,unmatched,f2614250876e7127c58da1a16fbbc0be
TCGA-AR-A0TR-01,UNMATCHED,428,unmatched,c0ef3965cfe995c303ce31a6d9d01ed4
TCGA-BH-A0DH-11,UNMATCHED,429,unmatched,5e424ddc928a6f13fb91ccaafcbf6be3
TCGA-A2-A0T6-01,UNMATCHED,430,unmatched,47167b170173d96fc1508742b2e371dc
TCGA-A2-A0SX-01,UNMATCHED,431,unmatched,64fce6ec345d1ddd4345f7ef846e9024
TCGA-BH-A0HI-01,UNMATCHED,432,unmatched,7607f0aa0f5eb167d9afa3b2074df2c8
TCGA-A2-A0T2-01,UNMATCHED,433,unmatched,f2602e9640bb203ceb0e47f11d65a20c
TCGA-AR-A0TT-01,UNMATCHED,434,unmatched,63034a46e16469e7e2c1633979aa9956
TCGA-AR-A0TQ-01,UNMATCHED,435,unmatched,d600219c66a5ae02ceeb597e2c010249
TCGA-A2-A0T4-01,UNMATCHED,436,unmatched,4a644fa4f2f7d74a61101a91cccdf7a7
TCGA-AR-A0TZ-01,UNMATCHED,437,unmatched,13e33b76c7f21b815bb0d36af6f33a25
TCGA-B6-A0RL-01,UNMATCHED,438,unmatched,9572b3bcbbed275dad2273c00e879d4e
TCGA-A1-A0SJ-01,UNMATCHED,439,unmatched,6287a5a6cf31f2421f611a45132166c0
TCGA-B6-A0RO-01,UNMATCHED,440,unmatched,b325e29be472243b0ca065533f8c0904
TCGA-BH-A0DQ-11,UNMATCHED,441,unmatched,e9d9adb5ec2c4db2f8c4d2fb5852b035
TCGA-B6-A0RS-01,UNMATCHED,442,unmatched,c40d2809f315f815e5fcb79ce2695dc4
TCGA-A1-A0SO-01,UNMATCHED,443,unmatched,160df8f35598052bf5a823d7d41daf68
TCGA-A8-A075-01,UNMATCHED,444,unmatched,f35ff3b9fcb3405363a31e3f23936ca6
TCGA-B6-A0RN-01,UNMATCHED,445,unmatched,3d03052899778ba42bc6d337068e0445
TCGA-AO-A0JG-01,UNMATCHED,446,unmatched,20f3f3678d87112b0d297dd3567dedb7
TCGA-B6-A0RU-01,UNMATCHED,447,unmatched,6b713a9233b3d99be79881842e88e1c1
TCGA-A1-A0SH-01,UNMATCHED,448,unmatched,6beab47960f89f3b27838269c78ee512
TCGA-A2-A0T7-01,UNMATCHED,449,unmatched,4c8513e96a80cf71b407565251b9e33a
TCGA-A2-A0T0-01,UNMATCHED,450,unmatched,e47e41231791d72fbb9c62d888506c3f
TCGA-A2-A0T5-01,UNMATCHED,451,unmatched,4f0a579c66bde3dd1385d8d7480a3bd6
TCGA-BH-A0RX-01,UNMATCHED,452,unmatched,0dfd2d052c09fb9b0f2bb1382fe96177
TCGA-A2-A0SW-01,UNMATCHED,453,unmatched,8f5ead666084508702988c8176a7f523
TCGA-A2-A0T1-01,UNMATCHED,454,unmatched,ad01e6f959ec87f2c96938ffd78c47a4
TCGA-B6-A0RT-01,UNMATCHED,455,unmatched,23b40f3b7d42ef0982a0a71f6b130a39
TCGA-A2-A0SV-01,UNMATCHED,456,unmatched,4c703df63129163ac625c2aa1ab3b40b
TCGA-A1-A0SM-01,UNMATCHED,457,unmatched,ddb785f132c66ce73eeaf4760ef24afa
TCGA-A2-A0SU-01,UNMATCHED,458,unmatched,5442a5242f03dabdac17af74ecc1d3ea
TCGA-A1-A0SE-01,UNMATCHED,459,unmatched,067bfdcd4972f2d46b0dec5cd7453ab8
TCGA-B6-A0RV-01,UNMATCHED,460,unmatched,452ee509d191de27b093201959c67bc3
TCGA-A1-A0SK-01,UNMATCHED,461,unmatched,1ce30430f1136fedafca96854ad75e53
TCGA-A2-A0SY-01,UNMATCHED,462,unmatched,f00dc6394a21ee43a05a28182cc031e6
TCGA-A2-A0ST-01,UNMATCHED,463,unmatched,ef89e1ccd467c2d8bba7de7572858bc5
TCGA-BH-A0HP-01,UNMATCHED,464,unmatched,e90c54418b5faf8f7dc7cab0bef36165
TCGA-A2-A0EN-01,UNMATCHED,465,unmatched,7ecd5931fa3172da7ccd05196e86ec18
TCGA-BH-A0W3-01,UNMATCHED,466,unmatched,9099fbf212a6800b233f52fed41061ad
TCGA-AN-A0XS-01,UNMATCHED,467,unmatched,ea61db47eea9cc776bc6305b06eca5ca
TCGA-A2-A0YH-01,UNMATCHED,468,unmatched,0f1eb53a5d6019d4f332a3578c0650ba
TCGA-AR-A0U0-01,UNMATCHED,469,unmatched,7cb4d5fecf3f8fd34467f6564ab214c8
TCGA-A2-A0YF-01,UNMATCHED,470,unmatched,e2fff5b4f98060611169f885b2bbb6d4
TCGA-A2-A04R-01,UNMATCHED,471,unmatched,5319f1ba95caea6e8b6580f216569e5f
TCGA-AN-A0XV-01,UNMATCHED,472,unmatched,7d2c4b3c03c766bc604d40ba6a8fa755
TCGA-B6-A0WY-01,UNMATCHED,473,unmatched,eea960f1fa21641765f560a9ba42057f
TCGA-AN-A0XW-01,UNMATCHED,474,unmatched,a41ad3a96063230cd394b309ea9454b7
TCGA-AN-A0XN-01,UNMATCHED,475,unmatched,bbe2d07b80714bae6896e7e7e979a990
TCGA-A2-A0YE-01,UNMATCHED,476,unmatched,300319fc7759a921be5ebafc4a2fa0fe
TCGA-AR-A0U2-01,UNMATCHED,477,unmatched,e98f50809bb866e23b672b338ca520a3
TCGA-A2-A0YT-01,UNMATCHED,478,unmatched,0dafcb411d50aac0c250b74f07523ca1
TCGA-AR-A0TU-01,UNMATCHED,479,unmatched,5e2976afff8df3d315e5c57240015e58
TCGA-B6-A0WV-01,UNMATCHED,480,unmatched,99cc8a0dac6daeeb0034cf151df164a8
TCGA-BH-A0WA-01,UNMATCHED,481,unmatched,8c39077e150c941c155aa9b413e639c5
TCGA-A2-A0YC-01,UNMATCHED,482,unmatched,e535182b337a5c271e4ca122ac917e35
TCGA-AN-A0XT-01,UNMATCHED,483,unmatched,9eafb85a76c495b7b0c93a9db2b854e0
TCGA-AN-A0XO-01,UNMATCHED,484,unmatched,6d287f06fab8d5341d74bb119f82aea6
TCGA-BH-A0W4-01,UNMATCHED,485,unmatched,b84f3395a033ad835285a4c308154466
TCGA-B6-A0X5-01,UNMATCHED,486,unmatched,845b626fbd692012f0a5e640c73b88f6
TCGA-AN-A0XU-01,UNMATCHED,487,unmatched,b0e5df4101172c4742d7a37211316382
TCGA-B6-A0WX-01,UNMATCHED,488,unmatched,71234b714b3a58999b64ed343a0d7e62
TCGA-AN-A0XP-01,UNMATCHED,489,unmatched,703d35742faa6bb78183f99fb2722217
TCGA-A2-A0YJ-01,UNMATCHED,490,unmatched,35f39e0bc51b394c075ae45bbd4a2214
TCGA-A2-A0YM-01,UNMATCHED,491,unmatched,d7e2dc025a8c3c0d5e24b2175f18295c
TCGA-B6-A0X1-01,UNMATCHED,492,unmatched,7f94df7da7e2833effa806721a7d631b
TCGA-BH-A0W5-01,UNMATCHED,493,unmatched,137d75f339491c90617f2a2268c43415
TCGA-B6-A0X4-01,UNMATCHED,494,unmatched,57860987c236554ae455a9f52389dc3b
TCGA-A2-A0YK-01,UNMATCHED,495,unmatched,5ad03377aa61f253a8c35667d635e296
TCGA-A2-A0YD-01,UNMATCHED,496,unmatched,e9b54764c353bd1086701d9950ec0c8c
TCGA-A2-A0YL-01,UNMATCHED,497,unmatched,929d2d81515840c0b419e76e09c39dfc
TCGA-A2-A0YG-01,UNMATCHED,498,unmatched,c3789882dbc19365f613fe8424eed838
TCGA-B6-A0WT-01,UNMATCHED,499,unmatched,859e80d52461c8b2e6b83d3b93e26800
TCGA-B6-A0WZ-01,UNMATCHED,500,unmatched,553f06c23abd62a839f2189027f0cbb2
TCGA-AR-A0U4-01,UNMATCHED,501,unmatched,811c98b5f0d2ac46208f0a557c14f02e
TCGA-AN-A0XR-01,UNMATCHED,502,unmatched,0375930de1aec581cdd6d869b04202f1
TCGA-B6-A0WW-01,UNMATCHED,503,unmatched,14da15c7dd43e584e9fe6afb9c16bc33
TCGA-AR-A0U3-01,UNMATCHED,504,unmatched,88895a715bef07a533b49b243b095e39
TCGA-AQ-A04L-01,UNMATCHED,505,unmatched,273bbdb5fe905b421d470f8a3447a7ba
TCGA-AO-A12E-01,UNMATCHED,506,unmatched,e138dbb46674f241d74bbd5e31a13b26
TCGA-E2-A105-01,UNMATCHED,507,unmatched,e66b0113612422981aefdeeec06570ae
TCGA-AO-A03U-01,UNMATCHED,508,unmatched,64051c50485c6ed6ce4ddf56f4ee2660
TCGA-E2-A10B-01,UNMATCHED,509,unmatched,cce95b52281f9110ebd9a959bee000ff
TCGA-E2-A10E-01,UNMATCHED,510,unmatched,51a2d2db99a2d52a318821308393c44f
TCGA-E2-A10C-01,UNMATCHED,511,unmatched,2ba7f7c9b40f28d616f5aec0bf0b37f6
TCGA-AO-A129-01,UNMATCHED,512,unmatched,3ef890bc6250b261f063124d0b91cb07
TCGA-AO-A125-01,UNMATCHED,513,unmatched,9f04605db775a91f2593626f050c56d6
TCGA-E2-A107-01,UNMATCHED,514,unmatched,c97a57a502c40cf3ab932048b38afff9
TCGA-AO-A03M-01,UNMATCHED,515,unmatched,f55e690ae58155f379a31cc9b541e391
TCGA-AO-A12G-01,UNMATCHED,516,unmatched,ea5753d0ec4054d80472675bb248d041
TCGA-B6-A0X7-01,UNMATCHED,517,unmatched,2de2ac634c5049241dfb353fa6742d3f
TCGA-AO-A124-01,UNMATCHED,518,unmatched,8da4ef38ad15cd03e9a963e458770f81
TCGA-E2-A10F-01,UNMATCHED,519,unmatched,2d9d16b045386e219dfacf9290869731
TCGA-AO-A03N-01,UNMATCHED,520,unmatched,08f456d5058a25372926b979767d9673
TCGA-A2-A0YI-01,UNMATCHED,521,unmatched,7820cb550532a516ed282b6d7b1be161
TCGA-AO-A126-01,UNMATCHED,522,unmatched,0ae3c7ff17a15d61aad9ed2beafaa3c8
TCGA-AN-A0XL-01,UNMATCHED,523,unmatched,6fe6f55d16f3d14825efaa9ec19e2958
TCGA-AQ-A04H-01,UNMATCHED,524,unmatched,34fcc6451b27cef1f4b05fd295b6a755
TCGA-E2-A106-01,UNMATCHED,525,unmatched,8a6a2740b45c4d8d64672ec4b578e733
TCGA-AO-A12C-01,UNMATCHED,526,unmatched,6e230f5146b5053db398c81dcaa8b315
TCGA-E2-A108-01,UNMATCHED,527,unmatched,4f523e478282916e181ddb28146c8a2f
TCGA-BH-A0B2-01,UNMATCHED,528,unmatched,68ccd5de0be0cbe77ef0ab40af709d6c
TCGA-AO-A12B-01,UNMATCHED,529,unmatched,ccdb4ec24c01b229583b2ab7e7660df5
TCGA-E2-A109-01,UNMATCHED,530,unmatched,cac854b8ce81287629cbe54372573cee
TCGA-AO-A128-01,UNMATCHED,531,unmatched,42f0f5bfc512269bd3b953aa8b36bb80
